cveID,vendorProject,product,vulnerabilityName,dateAdded,shortDescription,requiredAction,dueDate,knownRansomwareCampaignUse,notes,cwes,year_added,month_added,days_since_added,year,month,year_month,response_days
CVE-2020-25078,d-link,DCS-2530L and DCS-2670L Devices,D-Link Dcs-2530L And Dcs-2670L Devices Unspecified Vulnerability,2025-08-05,D-Link DCS-2530L and DCS-2670L devices contains an unspecified vulnerability that could allow for remote administrator password disclosure. The impacted products could be end-of-life (EoL) and/or end-of-service (EoS). Users should discontinue product utilization.,"Apply mitigations per vendor instructions, follow applicable BOD 22-01 guidance for cloud services, or discontinue use of the product if mitigations are unavailable.",2025-08-26,Unknown,https://support.dlink.com/productinfo.aspx?m=DCS-2530L ; https://supportannouncement.us.dlink.com/announcement/publication.aspx?name=SAP10180 ; https://nvd.nist.gov/vuln/detail/CVE-2020-25078,,2025,8,1,2025,8,2025-08,21
CVE-2022-40799,d-link,DNR-322L,D-Link Dnr-322L Download Of Code Without Integrity Check Vulnerability,2025-08-05,D-Link DNR-322L contains a download of code without integrity check vulnerability that could allow an authenticated attacker to execute OS level commands on the device. The impacted products could be end-of-life (EoL) and/or end-of-service (EoS). Users should discontinue product utilization.,"Apply mitigations per vendor instructions, follow applicable BOD 22-01 guidance for cloud services, or discontinue use of the product if mitigations are unavailable.",2025-08-26,Unknown,https://www.dlink.com/uk/en/products/dnr-322l-cloud-network-video-recorder ; https://nvd.nist.gov/vuln/detail/CVE-2022-40799,CWE-494,2025,8,1,2025,8,2025-08,21
CVE-2020-25079,d-link,DCS-2530L and DCS-2670L Devices,D-Link Dcs-2530L And Dcs-2670L Command Injection Vulnerability,2025-08-05,D-Link DCS-2530L and DCS-2670L devices contains a command injection vulnerability in the cgi-bin/ddns_enc.cgi. The impacted products could be end-of-life (EoL) and/or end-of-service (EoS). Users should discontinue product utilization.,"Apply mitigations per vendor instructions, follow applicable BOD 22-01 guidance for cloud services, or discontinue use of the product if mitigations are unavailable.",2025-08-26,Unknown,https://support.dlink.com/productinfo.aspx?m=DCS-2530L ; https://supportannouncement.us.dlink.com/announcement/publication.aspx?name=SAP10180 ; https://nvd.nist.gov/vuln/detail/CVE-2020-25079,CWE-77,2025,8,1,2025,8,2025-08,21
CVE-2023-2533,papercut,NG/MF,Papercut Ng/Mf Cross-Site Request Forgery (Csrf) Vulnerability,2025-07-28,"PaperCut NG/MF contains a cross-site request forgery (CSRF) vulnerability, which, under specific conditions, could potentially enable an attacker to alter security settings or execute arbitrary code. ","Apply mitigations per vendor instructions, follow applicable BOD 22-01 guidance for cloud services, or discontinue use of the product if mitigations are unavailable.",2025-08-18,Unknown,https://www.papercut.com/kb/Main/SecurityBulletinJune2023 ; https://nvd.nist.gov/vuln/detail/CVE-2023-2533,CWE-352,2025,7,9,2025,7,2025-07,21
CVE-2025-20281,cisco,Identity Services Engine,Cisco Identity Services Engine Injection Vulnerability,2025-07-28,Cisco Identity Services Engine contains an injection vulnerability in a specific API of Cisco ISE and Cisco ISE-PIC due to insufficient validation of user-supplied input allowing an attacker to exploit this vulnerability by submitting a crafted API request. Successful exploitation could allow an attacker to perform remote code execution and obtaining root privileges on an affected device.,"Apply mitigations per vendor instructions, follow applicable BOD 22-01 guidance for cloud services, or discontinue use of the product if mitigations are unavailable.",2025-08-18,Unknown,https://sec.cloudapps.cisco.com/security/center/content/CiscoSecurityAdvisory/cisco-sa-ise-unauth-rce-ZAd2GnJ6 ; https://nvd.nist.gov/vuln/detail/CVE-2025-20281,CWE-74,2025,7,9,2025,7,2025-07,21
CVE-2025-20337,cisco,Identity Services Engine,Cisco Identity Services Engine Injection Vulnerability,2025-07-28,Cisco Identity Services Engine contains an injection vulnerability in a specific API of Cisco ISE and Cisco ISE-PIC due to insufficient validation of user-supplied input allowing an attacker to exploit this vulnerability by submitting a crafted API request. Successful exploitation could allow an attacker to perform remote code execution and obtaining root privileges on an affected device.,"Apply mitigations per vendor instructions, follow applicable BOD 22-01 guidance for cloud services, or discontinue use of the product if mitigations are unavailable.",2025-08-18,Unknown,https://sec.cloudapps.cisco.com/security/center/content/CiscoSecurityAdvisory/cisco-sa-ise-unauth-rce-ZAd2GnJ6 ; https://nvd.nist.gov/vuln/detail/CVE-2025-20337,CWE-74,2025,7,9,2025,7,2025-07,21
CVE-2025-2775,sysaid,SysAid On-Prem,Sysaid On-Prem Improper Restriction Of Xml External Entity Reference Vulnerability,2025-07-22,"SysAid On-Prem contains an improper restriction of XML external entity reference vulnerability in the Checkin processing functionality, allowing for administrator account takeover and file read primitives.","Apply mitigations per vendor instructions, follow applicable BOD 22-01 guidance for cloud services, or discontinue use of the product if mitigations are unavailable.",2025-08-12,Unknown,https://documentation.sysaid.com/docs/24-40-60 ; https://nvd.nist.gov/vuln/detail/CVE-2025-2775,CWE-611,2025,7,15,2025,7,2025-07,21
CVE-2025-49704,microsoft,SharePoint,Microsoft Sharepoint Code Injection Vulnerability,2025-07-22,"Microsoft SharePoint contains a code injection vulnerability that could allow an authorized attacker to execute code over a network. This vulnerability could be chained with CVE-2025-49706. CVE-2025-53770 is a patch bypass for CVE-2025-49704, and the updates for CVE-2025-53770 include more robust protection than those for CVE-2025-49704.","Disconnect public-facing versions of SharePoint Server that have reached their end-of-life (EOL) or end-of-service (EOS) to include SharePoint Server 2013 and earlier versions. For supported versions, please follow the mitigations according to CISA (URL listed below in Notes) and vendor instructions (URL listed below in Notes). Adhere to the applicable BOD 22-01 guidance for cloud services or discontinue use of the product if mitigations are not available.",2025-07-23,Known,CISA Mitigation Instructions: https://www.cisa.gov/news-events/alerts/2025/07/20/microsoft-releases-guidance-exploitation-sharepoint-vulnerability-cve-2025-53770; https://www.microsoft.com/en-us/security/blog/2025/07/22/disrupting-active-exploitation-of-on-premises-sharepoint-vulnerabilities/ ; https://msrc.microsoft.com/update-guide/vulnerability/CVE-2025-49704 ; https://nvd.nist.gov/vuln/detail/CVE-2025-49704,CWE-94,2025,7,15,2025,7,2025-07,1
CVE-2025-49706,microsoft,SharePoint,Microsoft Sharepoint Improper Authentication Vulnerability,2025-07-22,"Microsoft SharePoint contains an improper authentication vulnerability that allows an authorized attacker to perform spoofing over a network. Successfully exploitation could allow an attacker to view sensitive information and make some changes to disclosed information. This vulnerability could be chained with CVE-2025-49704. CVE-2025-53771 is a patch bypass for CVE-2025-49706, and the updates for CVE-2025-53771 include more robust protection than those for CVE-2025-49706.","Disconnect public-facing versions of SharePoint Server that have reached their end-of-life (EOL) or end-of-service (EOS) to include SharePoint Server 2013 and earlier versions. For supported versions, please follow the mitigations according to CISA (URL listed below in Notes) and vendor instructions (URL listed below in Notes). Adhere to the applicable BOD 22-01 guidance for cloud services or discontinue use of the product if mitigations are not available.",2025-07-23,Known,CISA Mitigation Instructions: https://www.cisa.gov/news-events/alerts/2025/07/20/microsoft-releases-guidance-exploitation-sharepoint-vulnerability-cve-2025-53770 ; https://www.microsoft.com/en-us/security/blog/2025/07/22/disrupting-active-exploitation-of-on-premises-sharepoint-vulnerabilities/ ; https://msrc.microsoft.com/update-guide/vulnerability/CVE-2025-49706 ; https://nvd.nist.gov/vuln/detail/CVE-2025-49706,CWE-287,2025,7,15,2025,7,2025-07,1
CVE-2025-2776,sysaid,SysAid On-Prem,Sysaid On-Prem Improper Restriction Of Xml External Entity Reference Vulnerability,2025-07-22,"SysAid On-Prem contains an improper restriction of XML external entity reference vulnerability in the Server URL processing functionality, allowing for administrator account takeover and file read primitives.","Apply mitigations per vendor instructions, follow applicable BOD 22-01 guidance for cloud services, or discontinue use of the product if mitigations are unavailable.",2025-08-12,Unknown,https://documentation.sysaid.com/docs/24-40-60 ; https://nvd.nist.gov/vuln/detail/CVE-2025-2776,CWE-611,2025,7,15,2025,7,2025-07,21
CVE-2025-54309,crushftp,CrushFTP,Crushftp Unprotected Alternate Channel Vulnerability,2025-07-22,"CrushFTP contains an unprotected alternate channel vulnerability. When the DMZ proxy feature is not used, mishandles AS2 validation and consequently allows remote attackers to obtain admin access via HTTPS.","Apply mitigations per vendor instructions, follow applicable BOD 22-01 guidance for cloud services, or discontinue use of the product if mitigations are unavailable.",2025-08-12,Unknown,https://www.crushftp.com/crush11wiki/Wiki.jsp?page=CompromiseJuly2025 ; https://nvd.nist.gov/vuln/detail/CVE-2025-54309 ,CWE-420,2025,7,15,2025,7,2025-07,21
CVE-2025-6558,google,Chromium,Google Chromium Angle And Gpu Improper Input Validation Vulnerability,2025-07-22,"Google Chromium contains an improper input validation vulnerability in ANGLE and GPU. This vulnerability could allow a remote attacker to potentially perform a sandbox escape via a crafted HTML page. This vulnerability could affect multiple web browsers that utilize Chromium, including, but not limited to, Google Chrome, Microsoft Edge, and Opera.","Apply mitigations per vendor instructions, follow applicable BOD 22-01 guidance for cloud services, or discontinue use of the product if mitigations are unavailable.",2025-08-12,Unknown,https://chromereleases.googleblog.com/2025/07/stable-channel-update-for-desktop_15.html ; https://nvd.nist.gov/vuln/detail/CVE-2025-6558,CWE-20,2025,7,15,2025,7,2025-07,21
CVE-2025-53770,microsoft,SharePoint,Microsoft Sharepoint Deserialization Of Untrusted Data Vulnerability,2025-07-20,"Microsoft SharePoint Server on-premises contains a deserialization of untrusted data vulnerability that could allow an unauthorized attacker to execute code over a network. This vulnerability could be chained with CVE-2025-53771. CVE-2025-53770 is a patch bypass for CVE-2025-49704, and the updates for CVE-2025-53770 include more robust protection than those for CVE-2025-49704.","Disconnect public-facing versions of SharePoint Server that have reached their end-of-life (EOL) or end-of-service (EOS) to include SharePoint Server 2013 and earlier versions. For supported versions, please follow the mitigations according to CISA (URL listed below in Notes) and vendor instructions (URL listed below in Notes). Adhere to the applicable BOD 22-01 guidance for cloud services or discontinue use of the product if mitigations are not available.",2025-07-21,Known,CISA Mitigation Instructions: https://www.cisa.gov/news-events/alerts/2025/07/20/microsoft-releases-guidance-exploitation-sharepoint-vulnerability-cve-2025-53770; https://www.microsoft.com/en-us/security/blog/2025/07/22/disrupting-active-exploitation-of-on-premises-sharepoint-vulnerabilities/ ; https://msrc.microsoft.com/update-guide/vulnerability/CVE-2025-53770 ; https://nvd.nist.gov/vuln/detail/CVE-2025-53770,CWE-502,2025,7,17,2025,7,2025-07,1
CVE-2025-25257,fortinet,FortiWeb,Fortinet Fortiweb Sql Injection Vulnerability,2025-07-18,Fortinet FortiWeb contains a SQL injection vulnerability that may allow an unauthenticated attacker to execute unauthorized SQL code or commands via crafted HTTP or HTTPs requests.,"Apply mitigations per vendor instructions, follow applicable BOD 22-01 guidance for cloud services, or discontinue use of the product if mitigations are unavailable.",2025-08-08,Unknown,https://fortiguard.fortinet.com/psirt/FG-IR-25-151 ; https://nvd.nist.gov/vuln/detail/CVE-2025-25257,CWE-89,2025,7,19,2025,7,2025-07,21
CVE-2025-47812,wing ftp server,Wing FTP Server,Wing Ftp Server Improper Neutralization Of Null Byte Or Nul Character Vulnerability,2025-07-14,Wing FTP Server contains an improper neutralization of null byte or NUL character vulnerability that can allow injection of arbitrary Lua code into user session files. This can be used to execute arbitrary system commands with the privileges of the FTP service (root or SYSTEM by default).,"Apply mitigations per vendor instructions, follow applicable BOD 22-01 guidance for cloud services, or discontinue use of the product if mitigations are unavailable.",2025-08-04,Unknown,https://www.wftpserver.com/serverhistory.htm ; https://nvd.nist.gov/vuln/detail/CVE-2025-47812,CWE-158,2025,7,23,2025,7,2025-07,21
CVE-2025-5777,citrix,NetScaler ADC and Gateway,Citrix Netscaler Adc And Gateway Out-Of-Bounds Read Vulnerability,2025-07-10,"Citrix NetScaler ADC and Gateway contain an out-of-bounds read vulnerability due to insufficient input validation. This vulnerability can lead to memory overread when the NetScaler is configured as a Gateway (VPN virtual server, ICA Proxy, CVPN, RDP Proxy) OR AAA virtual server.","Apply mitigations per vendor instructions, follow applicable BOD 22-01 guidance for cloud services, or discontinue use of the product if mitigations are unavailable.",2025-07-11,Unknown,https://support.citrix.com/support-home/kbsearch/article?articleNumber=CTX693420 ; https://nvd.nist.gov/vuln/detail/CVE-2025-5777,CWE-125,2025,7,27,2025,7,2025-07,1
CVE-2016-10033,php,PHPMailer,Phpmailer Command Injection Vulnerability,2025-07-07,"PHPMailer contains a command injection vulnerability because it fails to sanitize user-supplied input. Specifically, this issue affects the 'mail()' function of 'class.phpmailer.php' script. An attacker can exploit this issue to execute arbitrary code within the context of the application. Failed exploit attempts will result in a denial-of-service condition.","Apply mitigations per vendor instructions, follow applicable BOD 22-01 guidance for cloud services, or discontinue use of the product if mitigations are unavailable.",2025-07-28,Unknown,"This vulnerability could affect an open-source component, third-party library, protocol, or proprietary implementation that could be used by different products. For more information, please see: https://github.com/PHPMailer/PHPMailer/releases/tag/v5.2.18 ; https://github.com/advisories/GHSA-5f37-gxvh-23v6 ; https://nvd.nist.gov/vuln/detail/CVE-2016-10033","CWE-77, CWE-88",2025,7,30,2025,7,2025-07,21
CVE-2014-3931,looking glass,Multi-Router Looking Glass (MRLG),Multi-Router Looking Glass (Mrlg) Buffer Overflow Vulnerability,2025-07-07,Multi-Router Looking Glass (MRLG) contains a buffer overflow vulnerability that could allow remote attackers to cause an arbitrary memory write and memory corruption.,"Apply mitigations per vendor instructions, follow applicable BOD 22-01 guidance for cloud services, or discontinue use of the product if mitigations are unavailable.",2025-07-28,Unknown,https://mrlg.op-sec.us/ ; https://nvd.nist.gov/vuln/detail/CVE-2014-3931,CWE-119,2025,7,30,2025,7,2025-07,21
CVE-2019-5418,rails,Ruby on Rails,Rails Ruby On Rails Path Traversal Vulnerability,2025-07-07,"Rails Ruby on Rails contains a path traversal vulnerability in Action View. Specially crafted accept headers in combination with calls to `render file:` can cause arbitrary files on the target server to be rendered, disclosing the file contents.","Apply mitigations per vendor instructions, follow applicable BOD 22-01 guidance for cloud services, or discontinue use of the product if mitigations are unavailable.",2025-07-28,Unknown,https://web.archive.org/web/20190313201629/https://weblog.rubyonrails.org/2019/3/13/Rails-4-2-5-1-5-1-6-2-have-been-released/ ; https://nvd.nist.gov/vuln/detail/CVE-2019-5418,CWE-22,2025,7,30,2025,7,2025-07,21
CVE-2019-9621,synacor,Zimbra Collaboration Suite (ZCS),Synacor Zimbra Collaboration Suite (Zcs) Server-Side Request Forgery (Ssrf) Vulnerability,2025-07-07,Synacor Zimbra Collaboration Suite (ZCS) contains a server-side request forgery (SSRF) vulnerability via the ProxyServlet component.,"Apply mitigations per vendor instructions, follow applicable BOD 22-01 guidance for cloud services, or discontinue use of the product if mitigations are unavailable.",2025-07-28,Unknown,https://wiki.zimbra.com/wiki/Zimbra_Security_Advisories ; https://wiki.zimbra.com/wiki/Security_Center ; https://nvd.nist.gov/vuln/detail/CVE-2019-9621,"CWE-918, CWE-807",2025,7,30,2025,7,2025-07,21
CVE-2025-6554,google,Chromium V8,Google Chromium V8 Type Confusion Vulnerability,2025-07-02,"Google Chromium V8 contains a type confusion vulnerability that could allow a remote attacker to perform arbitrary read/write via a crafted HTML page. This vulnerability could affect multiple web browsers that utilize Chromium, including, but not limited to, Google Chrome, Microsoft Edge, and Opera.","Apply mitigations per vendor instructions, follow applicable BOD 22-01 guidance for cloud services, or discontinue use of the product if mitigations are unavailable.",2025-07-23,Unknown,https://chromereleases.googleblog.com/2025/06/stable-channel-update-for-desktop_30.html?m=1 ; https://nvd.nist.gov/vuln/detail/CVE-2025-6554,CWE-843,2025,7,35,2025,7,2025-07,21
CVE-2025-48928,telemessage,TM SGNL,Telemessage Tm Sgnl Exposure Of Core Dump File To An Unauthorized Control Sphere Vulnerability,2025-07-01,"TeleMessage TM SGNL contains an exposure of core dump file to an unauthorized control sphere Vulnerability. This vulnerability is based on a JSP application in which the heap content is roughly equivalent to a ""core dump"" in which a password previously sent over HTTP would be included in this dump.","Apply mitigations per vendor instructions, follow applicable BOD 22-01 guidance for cloud services, or discontinue use of the product if mitigations are unavailable.",2025-07-22,Unknown,"It is recommended that mitigations be applied per vendor instructions if available. If these instructions cannot be located or if mitigations are unavailable, discontinue use of the product. ; https://nvd.nist.gov/vuln/detail/CVE-2025-48928",CWE-528,2025,7,36,2025,7,2025-07,21
CVE-2025-48927,telemessage,TM SGNL,Telemessage Tm Sgnl Initialization Of A Resource With An Insecure Default Vulnerability,2025-07-01,TeleMessage TM SGNL contains an initialization of a resource with an insecure default vulnerability. This vulnerability relies on how the Spring Boot Actuator is configured with an exposed heap dump endpoint at a /heapdump URI.,"Apply mitigations per vendor instructions, follow applicable BOD 22-01 guidance for cloud services, or discontinue use of the product if mitigations are unavailable.",2025-07-22,Unknown,"It is recommended that mitigations be applied per vendor instructions if available. If these instructions cannot be located or if mitigations are unavailable, discontinue use of the product. ; https://nvd.nist.gov/vuln/detail/CVE-2025-48927",CWE-1188,2025,7,36,2025,7,2025-07,21
CVE-2025-6543,citrix,NetScaler ADC and Gateway,Citrix Netscaler Adc And Gateway Buffer Overflow Vulnerability,2025-06-30,"Citrix NetScaler ADC and Gateway contain a buffer overflow vulnerability leading to unintended control flow and Denial of Service. NetScaler must be configured as Gateway (VPN virtual server, ICA Proxy, CVPN, RDP Proxy) OR AAA virtual server.","Apply mitigations per vendor instructions, follow applicable BOD 22-01 guidance for cloud services, or discontinue use of the product if mitigations are unavailable.",2025-07-21,Unknown,https://support.citrix.com/support-home/kbsearch/article?articleNumber=CTX694788 ; https://www.netscaler.com/blog/news/netscaler-critical-security-updates-for-cve-2025-6543-and-cve-2025-5777/ ;   https://nvd.nist.gov/vuln/detail/CVE-2025-6543,CWE-119,2025,6,37,2025,6,2025-06,21
CVE-2019-6693,fortinet,FortiOS,Fortinet Fortios Use Of Hard-Coded Credentials Vulnerability,2025-06-25,Fortinet FortiOS contains a use of hard-coded credentials vulnerability that could allow an attacker to cipher sensitive data in FortiOS configuration backup file via knowledge of the hard-coded key. ,"Apply mitigations per vendor instructions, follow applicable BOD 22-01 guidance for cloud services, or discontinue use of the product if mitigations are unavailable.",2025-07-16,Known,https://fortiguard.com/advisory/FG-IR-19-007 ; https://nvd.nist.gov/vuln/detail/CVE-2019-6693,CWE-798,2025,6,42,2025,6,2025-06,21
CVE-2024-0769,d-link,DIR-859 Router,D-Link Dir-859 Router Path Traversal Vulnerability,2025-06-25,D-Link DIR-859 routers contain a path traversal vulnerability in the file /hedwig.cgi of the component HTTP POST Request Handler. Manipulation of the argument service with the input ../../../../htdocs/webinc/getcfg/DHCPS6.BRIDGE-1.xml allows for the leakage of session data potentially enabling privilege escalation and unauthorized control of the device. This vulnerability affects legacy D-Link products. All associated hardware revisions have reached their end-of-life (EOL) or end-of-service (EOS) life cycle and should be retired and replaced per vendor instructions.,"Apply mitigations per vendor instructions, follow applicable BOD 22-01 guidance for cloud services, or discontinue use of the product if mitigations are unavailable.",2025-07-16,Unknown,https://supportannouncement.us.dlink.com/announcement/publication.aspx?name=SAP10371 ; https://nvd.nist.gov/vuln/detail/CVE-2024-0769,CWE-22,2025,6,42,2025,6,2025-06,21
CVE-2024-54085,ami,MegaRAC SPx,Ami Megarac Spx Authentication Bypass By Spoofing Vulnerability,2025-06-25,"AMI MegaRAC SPx contains an authentication bypass by spoofing vulnerability in the Redfish Host Interface. A successful exploitation of this vulnerability may lead to a loss of confidentiality, integrity, and/or availability.","Apply mitigations per vendor instructions, follow applicable BOD 22-01 guidance for cloud services, or discontinue use of the product if mitigations are unavailable.",2025-07-16,Unknown,"This vulnerability could affect an open-source component, third-party library, protocol, or proprietary implementation that could be used by different products. For more information, please see: https://go.ami.com/hubfs/Security%20Advisories/2025/AMI-SA-2025003.pdf ; https://security.netapp.com/advisory/ntap-20250328-0003/ ; https://nvd.nist.gov/vuln/detail/CVE-2024-54085",CWE-290,2025,6,42,2025,6,2025-06,21
CVE-2023-0386,linux,Kernel,Linux Kernel Improper Ownership Management Vulnerability,2025-06-17,"Linux Kernel contains an improper ownership management vulnerability, where unauthorized access to the execution of the setuid file with capabilities was found in the Linux kernel’s OverlayFS subsystem in how a user copies a capable file from a nosuid mount into another mount. This uid mapping bug allows a local user to escalate their privileges on the system.","Apply mitigations per vendor instructions, follow applicable BOD 22-01 guidance for cloud services, or discontinue use of the product if mitigations are unavailable.",2025-07-08,Unknown,"This vulnerability affects a common open-source component, third-party library, or a protocol used by different products. For more information, please see: https://git.kernel.org/pub/scm/linux/kernel/git/torvalds/linux.git/commit/?id=4f11ada10d0a ; https://access.redhat.com/security/cve/cve-2023-0386 ; https://security.netapp.com/advisory/ntap-20230420-0004/ ; https://nvd.nist.gov/vuln/detail/CVE-2023-0386",CWE-282,2025,6,50,2025,6,2025-06,21
CVE-2025-43200,apple,Multiple Products,Apple Multiple Products Unspecified Vulnerability,2025-06-16,"Apple iOS, iPadOS, macOS, watchOS, and visionOS, contain an unspecified vulnerability when processing a maliciously crafted photo or video shared via an iCloud Link.","Apply mitigations per vendor instructions, follow applicable BOD 22-01 guidance for cloud services, or discontinue use of the product if mitigations are unavailable.",2025-07-07,Unknown,https://support.apple.com/en-us/122174 ; https://support.apple.com/en-us/122173 ; https://support.apple.com/en-us/122900 ; https://support.apple.com/en-us/122901 ; https://support.apple.com/en-us/122902 ; https://support.apple.com/en-us/122903 ; https://support.apple.com/en-us/122904 ; https://nvd.nist.gov/vuln/detail/CVE-2025-43200,,2025,6,51,2025,6,2025-06,21
CVE-2023-33538,tp-link,Multiple Routers,Tp-Link Multiple Routers Command Injection Vulnerability,2025-06-16,"TP-Link TL-WR940N V2/V4, TL-WR841N V8/V10, and TL-WR740N V1/V2 contain a command injection vulnerability via the component /userRpm/WlanNetworkRpm. The impacted products could be end-of-life (EoL) and/or end-of-service (EoS). Users should discontinue product utilization.","Apply mitigations per vendor instructions, follow applicable BOD 22-01 guidance for cloud services, or discontinue use of the product if mitigations are unavailable.",2025-07-07,Unknown,https://www.tp-link.com/nordic/support/faq/3562/ ; https://nvd.nist.gov/vuln/detail/CVE-2023-33538,CWE-77,2025,6,51,2025,6,2025-06,21
CVE-2025-33053,microsoft,Windows,Microsoft Windows External Control Of File Name Or Path Vulnerability,2025-06-10,Microsoft Windows contains an external control of file name or path vulnerability that could allow an attacker to execute code from a remote WebDAV location specified by the WorkingDirectory attribute of Internet Shortcut files.,"Apply mitigations per vendor instructions, follow applicable BOD 22-01 guidance for cloud services, or discontinue use of the product if mitigations are unavailable.",2025-07-01,Unknown,https://msrc.microsoft.com/update-guide/en-US/vulnerability/CVE-2025-33053 ; https://nvd.nist.gov/vuln/detail/CVE-2025-33053,CWE-73,2025,6,57,2025,6,2025-06,21
CVE-2025-24016,wazuh,Wazuh Server,Wazuh Server Deserialization Of Untrusted Data Vulnerability,2025-06-10,Wazuh contains a deserialization of untrusted data vulnerability that allows for remote code execution on Wazuh servers.,"Apply mitigations per vendor instructions, follow applicable BOD 22-01 guidance for cloud services, or discontinue use of the product if mitigations are unavailable.",2025-07-01,Unknown,https://wazuh.com/blog/addressing-the-cve-2025-24016-vulnerability/ ; https://github.com/wazuh/wazuh/security/advisories/GHSA-hcrc-79hj-m3qh ; https://nvd.nist.gov/vuln/detail/CVE-2025-24016,CWE-502,2025,6,57,2025,6,2025-06,21
CVE-2024-42009,roundcube,Webmail,Roundcube Webmail Cross-Site Scripting Vulnerability,2025-06-09,RoundCube Webmail contains a cross-site scripting vulnerability. This vulnerability could allow a remote attacker to steal and send emails of a victim via a crafted e-mail message that abuses a Desanitization issue in message_body() in program/actions/mail/show.php.,"Apply mitigations per vendor instructions, follow applicable BOD 22-01 guidance for cloud services, or discontinue use of the product if mitigations are unavailable.",2025-06-30,Unknown,https://roundcube.net/news/2024/08/04/security-updates-1.6.8-and-1.5.8 ; https://nvd.nist.gov/vuln/detail/CVE-2024-42009,CWE-79,2025,6,58,2025,6,2025-06,21
CVE-2025-32433,erlang,Erlang/OTP,Erlang Erlang/Otp Ssh Server Missing Authentication For Critical Function Vulnerability,2025-06-09,"Erlang Erlang/OTP SSH server contains a missing authentication for critical function vulnerability. This could allow an attacker to execute arbitrary commands without valid credentials, potentially leading to unauthenticated remote code execution (RCE). By exploiting a flaw in how SSH protocol messages are handled, a malicious actor could gain unauthorized access to affected systems. This vulnerability could affect various products that implement Erlang/OTP SSH server, including—but not limited to—Cisco, NetApp, and SUSE.","Apply mitigations per vendor instructions, follow applicable BOD 22-01 guidance for cloud services, or discontinue use of the product if mitigations are unavailable.",2025-06-30,Unknown,"This vulnerability affects a common open-source project, third-party library, or a protocol used by different products. For more information, please see: https://github.com/erlang/otp/security/advisories/GHSA-37cp-fgq5-7wc2 ; https://sec.cloudapps.cisco.com/security/center/content/CiscoSecurityAdvisory/cisco-sa-erlang-otp-ssh-xyZZy ; https://nvd.nist.gov/vuln/detail/CVE-2025-32433",CWE-306,2025,6,58,2025,6,2025-06,21
CVE-2025-5419,google,Chromium V8,Google Chromium V8 Out-Of-Bounds Read And Write Vulnerability,2025-06-05,"Google Chromium V8 contains an out-of-bounds read and write vulnerability that could allow a remote attacker to potentially exploit heap corruption via a crafted HTML page. This vulnerability could affect multiple web browsers that utilize Chromium, including, but not limited to, Google Chrome, Microsoft Edge, and Opera.","Apply mitigations per vendor instructions, follow applicable BOD 22-01 guidance for cloud services, or discontinue use of the product if mitigations are unavailable.",2025-06-26,Unknown,"https://chromereleases.googleblog.com/2025/06/stable-channel-update-for-desktop.html;   https://nvd.nist.gov/vuln/detail/CVE-2025-5419"",","CWE-125, CWE-787",2025,6,62,2025,6,2025-06,21
CVE-2025-21479,qualcomm,Multiple Chipsets,Qualcomm Multiple Chipsets Incorrect Authorization Vulnerability,2025-06-03,Multiple Qualcomm chipsets contain an incorrect authorization vulnerability. This vulnerability allows for memory corruption due to unauthorized command execution in GPU micronode while executing specific sequence of commands.,"Apply mitigations per vendor instructions, follow applicable BOD 22-01 guidance for cloud services, or discontinue use of the product if mitigations are unavailable.",2025-06-24,Unknown,"Please check with specific vendors (OEMs,) for information on patching status. For more information, please see: https://docs.qualcomm.com/product/publicresources/securitybulletin/june-2025-bulletin.html ;   https://nvd.nist.gov/vuln/detail/CVE-2025-21479",CWE-863,2025,6,64,2025,6,2025-06,21
CVE-2025-21480,qualcomm,Multiple Chipsets,Qualcomm Multiple Chipsets Incorrect Authorization Vulnerability,2025-06-03,Multiple Qualcomm chipsets contain an incorrect authorization vulnerability. This vulnerability allows for memory corruption due to unauthorized command execution in GPU micronode while executing specific sequence of commands.,"Apply mitigations per vendor instructions, follow applicable BOD 22-01 guidance for cloud services, or discontinue use of the product if mitigations are unavailable.",2025-06-24,Unknown,"Please check with specific vendors (OEMs,) for information on patching status. For more information, please see: https://docs.qualcomm.com/product/publicresources/securitybulletin/june-2025-bulletin.html ;   https://nvd.nist.gov/vuln/detail/CVE-2025-21480",CWE-863,2025,6,64,2025,6,2025-06,21
CVE-2025-27038,qualcomm,Multiple Chipsets,Qualcomm Multiple Chipsets Use-After-Free Vulnerability,2025-06-03,Multiple Qualcomm chipsets contain a use-after-free vulnerability. This vulnerability allows for memory corruption while rendering graphics using Adreno GPU drivers in Chrome.,"Apply mitigations per vendor instructions, follow applicable BOD 22-01 guidance for cloud services, or discontinue use of the product if mitigations are unavailable.",2025-06-24,Unknown,"Please check with specific vendors (OEMs,) for information on patching status. For more information, please see: https://docs.qualcomm.com/product/publicresources/securitybulletin/june-2025-bulletin.html ;   https://nvd.nist.gov/vuln/detail/CVE-2025-27038",CWE-416,2025,6,64,2025,6,2025-06,21
CVE-2021-32030,asus,Routers,Asus Routers Improper Authentication Vulnerability,2025-06-02,ASUS Lyra Mini and ASUS GT-AC2900 devices contain an improper authentication vulnerability that allows an attacker to gain unauthorized access to the administrative interface. The impacted products could be end-of-life (EoL) and/or end-of-service (EoS). Users should discontinue product utilization.,"Apply mitigations per vendor instructions, follow applicable BOD 22-01 guidance for cloud services, or discontinue use of the product if mitigations are unavailable.",2025-06-23,Unknown,https://www.asus.com/us/supportonly/lyra%20mini/helpdesk_bios/ ; https://www.asus.com/us/supportonly/rog%20rapture%20gt-ac2900/helpdesk_bios/; https://nvd.nist.gov/vuln/detail/CVE-2021-32030,CWE-287,2025,6,65,2025,6,2025-06,21
CVE-2025-3935,connectwise,ScreenConnect,Connectwise Screenconnect Improper Authentication Vulnerability,2025-06-02,"ConnectWise ScreenConnect contains an improper authentication vulnerability. This vulnerability could allow a ViewState code injection attack, which could allow remote code execution if machine keys are compromised.","Apply mitigations per vendor instructions, follow applicable BOD 22-01 guidance for cloud services, or discontinue use of the product if mitigations are unavailable.",2025-06-23,Unknown,https://www.connectwise.com/company/trust/security-bulletins/screenconnect-security-patch-2025.4 ;   https://nvd.nist.gov/vuln/detail/CVE-2025-3935,CWE-287,2025,6,65,2025,6,2025-06,21
CVE-2025-35939,craft cms,Craft CMS,Craft Cms External Control Of Assumed-Immutable Web Parameter Vulnerability,2025-06-02,"Craft CMS contains an external control of assumed-immutable web parameter vulnerability. This vulnerability could allow an unauthenticated client to introduce arbitrary values, such as PHP code, to a known local file location on the server. This vulnerability could be chained with CVE-2024-58136 as represented by CVE-2025-32432.","Apply mitigations per vendor instructions, follow applicable BOD 22-01 guidance for cloud services, or discontinue use of the product if mitigations are unavailable.",2025-06-23,Unknown,https://github.com/craftcms/cms/pull/17220 ;   https://nvd.nist.gov/vuln/detail/CVE-2025-35939,CWE-472,2025,6,65,2025,6,2025-06,21
CVE-2024-56145,craft cms,Craft CMS,Craft Cms Code Injection Vulnerability,2025-06-02,Craft CMS contains a code injection vulnerability. Users with affected versions are vulnerable to remote code execution if their php.ini configuration has `register_argc_argv` enabled.,"Apply mitigations per vendor instructions, follow applicable BOD 22-01 guidance for cloud services, or discontinue use of the product if mitigations are unavailable.",2025-06-23,Unknown,https://github.com/craftcms/cms/security/advisories/GHSA-2p6p-9rc9-62j9 ; https://nvd.nist.gov/vuln/detail/CVE-2024-56145,CWE-94,2025,6,65,2025,6,2025-06,21
CVE-2023-39780,asus,RT-AX55 Routers,Asus Rt-Ax55 Routers Os Command Injection Vulnerability,2025-06-02,"ASUS RT-AX55 devices contain an OS command injection vulnerability that could allow a remote, authenticated attacker to execute arbitrary commands. As represented by CVE-2023-41346.","Apply mitigations per vendor instructions, follow applicable BOD 22-01 guidance for cloud services, or discontinue use of the product if mitigations are unavailable.",2025-06-23,Unknown,https://www.asus.com/networking-iot-servers/wifi-6/all-series/rt-ax55/helpdesk_bios/?model2Name=RT-AX55 ;   https://www.asus.com/content/asus-product-security-advisory/ ; https://nvd.nist.gov/vuln/detail/CVE-2023-39780,CWE-78,2025,6,65,2025,6,2025-06,21
CVE-2025-4632,samsung,MagicINFO 9 Server,Samsung Magicinfo 9 Server Path Traversal Vulnerability,2025-05-22,Samsung MagicINFO 9 Server contains a path traversal vulnerability that allows an attacker to write arbitrary file as system authority.,"Apply mitigations per vendor instructions, follow applicable BOD 22-01 guidance for cloud services, or discontinue use of the product if mitigations are unavailable.",2025-06-12,Unknown,https://security.samsungtv.com/securityUpdates#SVP-MAY-2025 ; https://nvd.nist.gov/vuln/detail/CVE-2025-4632,CWE-22,2025,5,76,2025,5,2025-05,21
CVE-2025-27920,srimax,Output Messenger,Srimax Output Messenger Directory Traversal Vulnerability,2025-05-19,"Srimax Output Messenger contains a directory traversal vulnerability that allows an attacker to access sensitive files outside the intended directory, potentially leading to configuration leakage or arbitrary file access.","Apply mitigations per vendor instructions, follow applicable BOD 22-01 guidance for cloud services, or discontinue use of the product if mitigations are unavailable.",2025-06-09,Unknown,https://www.outputmessenger.com/cve-2025-27920/ ; https://nvd.nist.gov/vuln/detail/CVE-2025-27920,CWE-22,2025,5,79,2025,5,2025-05,21
CVE-2025-4428,ivanti,Endpoint Manager Mobile (EPMM),Ivanti Endpoint Manager Mobile (Epmm) Code Injection Vulnerability,2025-05-19,"Ivanti Endpoint Manager Mobile (EPMM) contains a code injection vulnerability in the API component that allows an authenticated attacker to remotely execute arbitrary code via crafted API requests. This vulnerability results from an insecure implementation of the Hibernate Validator open-source library, as represented by CVE-2025-35036.","Apply mitigations per vendor instructions, follow applicable BOD 22-01 guidance for cloud services, or discontinue use of the product if mitigations are unavailable.",2025-06-09,Unknown,https://forums.ivanti.com/s/article/Security-Advisory-Ivanti-Endpoint-Manager-Mobile-EPMM ; https://nvd.nist.gov/vuln/detail/CVE-2025-4428,CWE-94,2025,5,79,2025,5,2025-05,21
CVE-2025-4427,ivanti,Endpoint Manager Mobile (EPMM),Ivanti Endpoint Manager Mobile (Epmm) Authentication Bypass Vulnerability,2025-05-19,Ivanti Endpoint Manager Mobile (EPMM) contains an authentication bypass vulnerability in the API component that allows an attacker to access protected resources without proper credentials via crafted API requests. This vulnerability results from an insecure implementation of the Spring Framework open-source library.,"Apply mitigations per vendor instructions, follow applicable BOD 22-01 guidance for cloud services, or discontinue use of the product if mitigations are unavailable.",2025-06-09,Unknown,https://forums.ivanti.com/s/article/Security-Advisory-Ivanti-Endpoint-Manager-Mobile-EPMM ; https://nvd.nist.gov/vuln/detail/CVE-2025-4427,CWE-288,2025,5,79,2025,5,2025-05,21
CVE-2024-11182,mdaemon,Email Server,Mdaemon Email Server Cross-Site Scripting (Xss) Vulnerability,2025-05-19,MDaemon Email Server contains a cross-site scripting (XSS) vulnerability that allows a remote attacker to load arbitrary JavaScript code via an HTML e-mail message.,"Apply mitigations per vendor instructions, follow applicable BOD 22-01 guidance for cloud services, or discontinue use of the product if mitigations are unavailable.",2025-06-09,Unknown,https://files.mdaemon.com/mdaemon/beta/RelNotes_en.html ; https://mdaemon.com/pages/downloads-critical-updates ; https://nvd.nist.gov/vuln/detail/CVE-2024-11182,CWE-79,2025,5,79,2025,5,2025-05,21
CVE-2023-38950,zkteco,BioTime,Zkteco Biotime Path Traversal Vulnerability,2025-05-19,ZKTeco BioTime contains a path traversal vulnerability in the iclock API that allows an unauthenticated attacker to read arbitrary files via supplying a crafted payload.,"Apply mitigations per vendor instructions, follow applicable BOD 22-01 guidance for cloud services, or discontinue use of the product if mitigations are unavailable.",2025-06-09,Unknown,https://www.zkteco.com/en/Security_Bulletinsibs ; https://nvd.nist.gov/vuln/detail/CVE-2023-38950,CWE-22,2025,5,79,2025,5,2025-05,21
CVE-2024-27443,synacor,Zimbra Collaboration Suite (ZCS),Synacor Zimbra Collaboration Suite (Zcs) Cross-Site Scripting (Xss) Vulnerability,2025-05-19,"Zimbra Collaboration contains a cross-site scripting (XSS) vulnerability in the CalendarInvite feature of the Zimbra webmail classic user interface. An attacker can exploit this vulnerability via an email message containing a crafted calendar header, leading to the execution of arbitrary JavaScript code.","Apply mitigations per vendor instructions, follow applicable BOD 22-01 guidance for cloud services, or discontinue use of the product if mitigations are unavailable.",2025-06-09,Unknown,https://wiki.zimbra.com/wiki/Zimbra_Releases/8.8.15/P46#Security_Fixes ; https://wiki.zimbra.com/wiki/Zimbra_Releases/9.0.0/P39#Security_Fixes ; https://wiki.zimbra.com/wiki/Zimbra_Releases/10.0.7#Security_Fixes ; https://nvd.nist.gov/vuln/detail/CVE-2024-27443,CWE-79,2025,5,79,2025,5,2025-05,21
CVE-2025-42999,sap,NetWeaver,Sap Netweaver Deserialization Vulnerability,2025-05-15,"SAP NetWeaver Visual Composer Metadata Uploader contains a deserialization vulnerability that allows a privileged attacker to compromise the confidentiality, integrity, and availability of the host system by deserializing untrusted or malicious content.","Apply mitigations per vendor instructions, follow applicable BOD 22-01 guidance for cloud services, or discontinue use of the product if mitigations are unavailable.",2025-06-05,Unknown,SAP users must have an account to log in and access the patch: https://me.sap.com/notes/3604119 ; https://nvd.nist.gov/vuln/detail/CVE-2025-42999,CWE-502,2025,5,83,2025,5,2025-05,21
CVE-2024-12987,draytek,Vigor Routers,Draytek Vigor Routers Os Command Injection Vulnerability,2025-05-15,"DrayTek Vigor2960, Vigor300B, and Vigor3900 routers contain an OS command injection vulnerability due to an unknown function of the file /cgi-bin/mainfunction.cgi/apmcfgupload of the component web management interface.","Apply mitigations per vendor instructions, follow applicable BOD 22-01 guidance for cloud services, or discontinue use of the product if mitigations are unavailable.",2025-06-05,Unknown,https://fw.draytek.com.tw/Vigor2960/Firmware/v1.5.1.5/DrayTek_Vigor2960_V1.5.1.5_01release-note.pdf ; https://fw.draytek.com.tw/Vigor300B/Firmware/v1.5.1.5/DrayTek_Vigor300B_V1.5.1.5_01release-note.pdf ; https://fw.draytek.com.tw/Vigor3900/Firmware/v1.5.1.5/DrayTek_Vigor3900_V1.5.1.5_01release-note.pdf ; https://nvd.nist.gov/vuln/detail/CVE-2024-12987,CWE-78,2025,5,83,2025,5,2025-05,21
CVE-2025-32756,fortinet,Multiple Products,Fortinet Multiple Products Stack-Based Buffer Overflow Vulnerability,2025-05-14,"Fortinet FortiFone, FortiVoice, FortiNDR and FortiMail contain a stack-based overflow vulnerability that may allow a remote unauthenticated attacker to execute arbitrary code or commands via crafted HTTP requests.","Apply mitigations per vendor instructions, follow applicable BOD 22-01 guidance for cloud services, or discontinue use of the product if mitigations are unavailable.",2025-06-04,Unknown,https://fortiguard.fortinet.com/psirt/FG-IR-25-254 ; https://nvd.nist.gov/vuln/detail/CVE-2025-32756,CWE-124,2025,5,84,2025,5,2025-05,21
CVE-2025-32706,microsoft,Windows,Microsoft Windows Common Log File System (Clfs) Driver Heap-Based Buffer Overflow Vulnerability,2025-05-13,Microsoft Windows Common Log File System (CLFS) Driver contains a heap-based buffer overflow vulnerability that allows an authorized attacker to elevate privileges locally.,"Apply mitigations per vendor instructions, follow applicable BOD 22-01 guidance for cloud services, or discontinue use of the product if mitigations are unavailable.",2025-06-03,Unknown,https://msrc.microsoft.com/update-guide/en-US/vulnerability/CVE-2025-32706 ; https://nvd.nist.gov/vuln/detail/CVE-2025-32706,CWE-122,2025,5,85,2025,5,2025-05,21
CVE-2025-32701,microsoft,Windows,Microsoft Windows Common Log File System (Clfs) Driver Use-After-Free Vulnerability,2025-05-13,Microsoft Windows Common Log File System (CLFS) Driver contains a use-after-free vulnerability that allows an authorized attacker to elevate privileges locally.,"Apply mitigations per vendor instructions, follow applicable BOD 22-01 guidance for cloud services, or discontinue use of the product if mitigations are unavailable.",2025-06-03,Unknown,https://msrc.microsoft.com/update-guide/en-US/vulnerability/CVE-2025-32701 ; https://nvd.nist.gov/vuln/detail/CVE-2025-32701,CWE-416,2025,5,85,2025,5,2025-05,21
CVE-2025-30400,microsoft,Windows,Microsoft Windows Dwm Core Library Use-After-Free Vulnerability,2025-05-13,Microsoft Windows DWM Core Library contains a use-after-free vulnerability that allows an authorized attacker to elevate privileges locally.,"Apply mitigations per vendor instructions, follow applicable BOD 22-01 guidance for cloud services, or discontinue use of the product if mitigations are unavailable.",2025-06-03,Unknown,https://msrc.microsoft.com/update-guide/en-US/vulnerability/CVE-2025-30400 ; https://nvd.nist.gov/vuln/detail/CVE-2025-30400,CWE-416,2025,5,85,2025,5,2025-05,21
CVE-2025-30397,microsoft,Windows,Microsoft Windows Scripting Engine Type Confusion Vulnerability,2025-05-13,Microsoft Windows Scripting Engine contains a type confusion vulnerability that allows an unauthorized attacker to execute code over a network via a specially crafted URL.,"Apply mitigations per vendor instructions, follow applicable BOD 22-01 guidance for cloud services, or discontinue use of the product if mitigations are unavailable.",2025-06-03,Unknown,https://msrc.microsoft.com/update-guide/en-US/vulnerability/CVE-2025-30397 ; https://nvd.nist.gov/vuln/detail/CVE-2025-30397,CWE-843,2025,5,85,2025,5,2025-05,21
CVE-2025-32709,microsoft,Windows,Microsoft Windows Ancillary Function Driver For Winsock Use-After-Free Vulnerability,2025-05-13,Microsoft Windows Ancillary Function Driver for WinSock contains a use-after-free vulnerability that allows an authorized attacker to escalate privileges to administrator.,"Apply mitigations per vendor instructions, follow applicable BOD 22-01 guidance for cloud services, or discontinue use of the product if mitigations are unavailable.",2025-06-03,Unknown,https://msrc.microsoft.com/update-guide/en-US/vulnerability/CVE-2025-32709 ; https://nvd.nist.gov/vuln/detail/CVE-2025-32709,CWE-416,2025,5,85,2025,5,2025-05,21
CVE-2025-47729,telemessage,TM SGNL,Telemessage Tm Sgnl Hidden Functionality Vulnerability,2025-05-12,TeleMessage TM SGNL contains a hidden functionality vulnerability in which the archiving backend holds cleartext copies of messages from TM SGNL application users.,"Apply mitigations per vendor instructions, follow applicable BOD 22-01 guidance for cloud services, or discontinue use of the product if mitigations are unavailable.",2025-06-02,Unknown,"Apply mitigations per vendor instructions. Absent mitigating instructions from the vendor, discontinue use of the product. ; https://nvd.nist.gov/vuln/detail/CVE-2025-47729",CWE-912,2025,5,86,2025,5,2025-05,21
CVE-2024-11120,geovision,Multiple Devices,Geovision Devices Os Command Injection Vulnerability,2025-05-07,"Multiple GeoVision devices contain an OS command injection vulnerability that allows a remote, unauthenticated attacker to inject and execute arbitrary system commands. The impacted products could be end-of-life (EoL) and/or end-of-service (EoS). Users should discontinue product utilization.","Apply mitigations per vendor instructions, follow applicable BOD 22-01 guidance for cloud services, or discontinue use of the product if mitigations are unavailable.",2025-05-28,Unknown,https://dlcdn.geovision.com.tw/TechNotice/CyberSecurity/Security_Advisory_IP_Device_2024-11.pdf ; https://nvd.nist.gov/vuln/detail/CVE-2024-11120,CWE-78,2025,5,91,2025,5,2025-05,21
CVE-2024-6047,geovision,Multiple Devices,Geovision Devices Os Command Injection Vulnerability,2025-05-07,"Multiple GeoVision devices contain an OS command injection vulnerability that allows a remote, unauthenticated attacker to inject and execute arbitrary system commands. The impacted products could be end-of-life (EoL) and/or end-of-service (EoS). Users should discontinue product utilization.","Apply mitigations per vendor instructions, follow applicable BOD 22-01 guidance for cloud services, or discontinue use of the product if mitigations are unavailable.",2025-05-28,Unknown,https://dlcdn.geovision.com.tw/TechNotice/CyberSecurity/Security_Advisory_IP_Device_2024-11.pdf ; https://nvd.nist.gov/vuln/detail/CVE-2024-6047,CWE-78,2025,5,91,2025,5,2025-05,21
CVE-2025-27363,freetype,FreeType,Freetype Out-Of-Bounds Write Vulnerability,2025-05-06,FreeType contains an out-of-bounds write vulnerability when attempting to parse font subglyph structures related to TrueType GX and variable font files that may allow for arbitrary code execution.,"Apply mitigations per vendor instructions, follow applicable BOD 22-01 guidance for cloud services, or discontinue use of the product if mitigations are unavailable.",2025-05-27,Unknown,"This vulnerability affects a common open-source component, third-party library, or a protocol used by different products. Please check with specific vendors for information on patching status. For more information, please see: https://source.android.com/docs/security/bulletin/2025-05-01 ; https://nvd.nist.gov/vuln/detail/CVE-2025-27363",CWE-787,2025,5,92,2025,5,2025-05,21
CVE-2025-3248,langflow,Langflow,Langflow Missing Authentication Vulnerability,2025-05-05,"Langflow contains a missing authentication vulnerability in the /api/v1/validate/code endpoint that allows a remote, unauthenticated attacker to execute arbitrary code via crafted HTTP requests.","Apply mitigations per vendor instructions, follow applicable BOD 22-01 guidance for cloud services, or discontinue use of the product if mitigations are unavailable.",2025-05-26,Unknown,"This vulnerability affects a common open-source project, third-party library, or a protocol used by different products. For more information, please see: https://github.com/advisories/GHSA-c995-4fw3-j39m ; https://nvd.nist.gov/vuln/detail/CVE-2025-3248",CWE-306,2025,5,93,2025,5,2025-05,21
CVE-2025-34028,commvault,Command Center,Commvault Command Center Path Traversal Vulnerability,2025-05-02,"Commvault Command Center contains a path traversal vulnerability that allows a remote, unauthenticated attacker to execute arbitrary code.","Apply mitigations per vendor instructions, follow applicable BOD 22-01 guidance for cloud services, or discontinue use of the product if mitigations are unavailable.",2025-05-23,Unknown,https://documentation.commvault.com/securityadvisories/CV_2025_04_1.html ; https://nvd.nist.gov/vuln/detail/CVE-2025-34028,CWE-22,2025,5,96,2025,5,2025-05,21
CVE-2024-58136,yiiframework,Yii,Yiiframework Yii Improper Protection Of Alternate Path Vulnerability,2025-05-02,"Yii Framework contains an improper protection of alternate path vulnerability that may allow a remote attacker to execute arbitrary code. This vulnerability could affect other products that implement Yii, including—but not limited to—Craft CMS, as represented by CVE-2025-32432.","Apply mitigations per vendor instructions, follow applicable BOD 22-01 guidance for cloud services, or discontinue use of the product if mitigations are unavailable.",2025-05-23,Unknown,"This vulnerability affects a common open-source component, third-party library, or a protocol used by different products. For more information, please see: https://www.yiiframework.com/news/709/please-upgrade-to-yii-2-0-52 ; https://nvd.nist.gov/vuln/detail/CVE-2024-58136",CWE-424,2025,5,96,2025,5,2025-05,21
CVE-2024-38475,apache,HTTP Server,Apache Http Server Improper Escaping Of Output Vulnerability,2025-05-01,"Apache HTTP Server contains an improper escaping of output vulnerability in mod_rewrite that allows an attacker to map URLs to filesystem locations that are permitted to be served by the server but are not intentionally/directly reachable by any URL, resulting in code execution or source code disclosure.","Apply mitigations per vendor instructions, follow applicable BOD 22-01 guidance for cloud services, or discontinue use of the product if mitigations are unavailable.",2025-05-22,Unknown,"This vulnerability affects a common open-source component, third-party library, or a protocol used by different products. Please check with specific vendors for information on patching status. For more information, please see: https://httpd.apache.org/security/vulnerabilities_24.html ; https://nvd.nist.gov/vuln/detail/CVE-2024-38475",CWE-116,2025,5,97,2025,5,2025-05,21
CVE-2023-44221,sonicwall,SMA100 Appliances,Sonicwall Sma100 Appliances Os Command Injection Vulnerability,2025-05-01,"SonicWall SMA100 appliances contain an OS command injection vulnerability in the SSL-VPN management interface that allows a remote, authenticated attacker with administrative privilege to inject arbitrary commands as a 'nobody' user.","Apply mitigations per vendor instructions, follow applicable BOD 22-01 guidance for cloud services, or discontinue use of the product if mitigations are unavailable.",2025-05-22,Unknown,https://psirt.global.sonicwall.com/vuln-detail/SNWLID-2023-0018 ; https://nvd.nist.gov/vuln/detail/CVE-2023-44221,CWE-78,2025,5,97,2025,5,2025-05,21
CVE-2025-31324,sap,NetWeaver,Sap Netweaver Unrestricted File Upload Vulnerability,2025-04-29,SAP NetWeaver Visual Composer Metadata Uploader contains an unrestricted file upload vulnerability that allows an unauthenticated agent to upload potentially malicious executable binaries.,"Apply mitigations per vendor instructions, follow applicable BOD 22-01 guidance for cloud services, or discontinue use of the product if mitigations are unavailable.",2025-05-20,Known,https://me.sap.com/notes/3594142 ; https://nvd.nist.gov/vuln/detail/CVE-2025-31324,CWE-434,2025,4,99,2025,4,2025-04,21
CVE-2025-1976,broadcom,Brocade Fabric OS,Broadcom Brocade Fabric Os Code Injection Vulnerability,2025-04-28,Broadcom Brocade Fabric OS contains a code injection vulnerability that allows a local user with administrative privileges to execute arbitrary code with full root privileges.,"Apply mitigations per vendor instructions, follow applicable BOD 22-01 guidance for cloud services, or discontinue use of the product if mitigations are unavailable.",2025-05-19,Unknown,https://support.broadcom.com/web/ecx/support-content-notification/-/external/content/SecurityAdvisories/0/25602 ; https://nvd.nist.gov/vuln/detail/CVE-2025-1976,CWE-94,2025,4,100,2025,4,2025-04,21
CVE-2025-42599,qualitia,Active! Mail,Qualitia Active! Mail Stack-Based Buffer Overflow Vulnerability,2025-04-28,"Qualitia Active! Mail contains a stack-based buffer overflow vulnerability that allows a remote, unauthenticated attacker to execute arbitrary or trigger a denial-of-service via a specially crafted request.","Apply mitigations per vendor instructions, follow applicable BOD 22-01 guidance for cloud services, or discontinue use of the product if mitigations are unavailable.",2025-05-19,Unknown,https://www.qualitia.com/jp/news/2025/04/18_1030.html ; https://nvd.nist.gov/vuln/detail/CVE-2025-42599,CWE-121,2025,4,100,2025,4,2025-04,21
CVE-2025-3928,commvault,Web Server,Commvault Web Server Unspecified Vulnerability,2025-04-28,"Commvault Web Server contains an unspecified vulnerability that allows a remote, authenticated attacker to create and execute webshells.","Apply mitigations per vendor instructions, follow applicable BOD 22-01 guidance for cloud services, or discontinue use of the product if mitigations are unavailable.",2025-05-19,Unknown,https://documentation.commvault.com/securityadvisories/CV_2025_03_1.html;   https://www.commvault.com/blogs/notice-security-advisory-update;   https://nvd.nist.gov/vuln/detail/CVE-2025-3928      ,,2025,4,100,2025,4,2025-04,21
CVE-2025-24054,microsoft,Windows,Microsoft Windows Ntlm Hash Disclosure Spoofing Vulnerability,2025-04-17,Microsoft Windows NTLM contains an external control of file name or path vulnerability that allows an unauthorized attacker to perform spoofing over a network.,"Apply mitigations per vendor instructions, follow applicable BOD 22-01 guidance for cloud services, or discontinue use of the product if mitigations are unavailable.",2025-05-08,Unknown,https://msrc.microsoft.com/update-guide/vulnerability/CVE-2025-24054 ; https://nvd.nist.gov/vuln/detail/CVE-2025-24054,CWE-73,2025,4,111,2025,4,2025-04,21
CVE-2025-31201,apple,Multiple Products,Apple Multiple Products Arbitrary Read And Write Vulnerability,2025-04-17,"Apple iOS, iPadOS, macOS, and other Apple products contain an arbitrary read and write vulnerability that allows an attacker to bypass Pointer Authentication.","Apply mitigations per vendor instructions, follow applicable BOD 22-01 guidance for cloud services, or discontinue use of the product if mitigations are unavailable.",2025-05-08,Unknown,https://support.apple.com/en-us/122282 ; https://support.apple.com/en-us/122400 ; https://support.apple.com/en-us/122401 ; https://support.apple.com/en-us/122402 ; https://nvd.nist.gov/vuln/detail/CVE-2025-31201,,2025,4,111,2025,4,2025-04,21
CVE-2025-31200,apple,Multiple Products,Apple Multiple Products Memory Corruption Vulnerability,2025-04-17,"Apple iOS, iPadOS, macOS, and other Apple products contain a memory corruption vulnerability that allows for code execution when processing an audio stream in a maliciously crafted media file.","Apply mitigations per vendor instructions, follow applicable BOD 22-01 guidance for cloud services, or discontinue use of the product if mitigations are unavailable.",2025-05-08,Unknown,https://support.apple.com/en-us/122282 ; https://support.apple.com/en-us/122400 ; https://support.apple.com/en-us/122401 ; https://support.apple.com/en-us/122402 ; https://nvd.nist.gov/vuln/detail/CVE-2025-31200,,2025,4,111,2025,4,2025-04,21
CVE-2021-20035,sonicwall,SMA100 Appliances,Sonicwall Sma100 Appliances Os Command Injection Vulnerability,2025-04-16,"SonicWall SMA100 appliances contain an OS command injection vulnerability in the management interface that allows a remote authenticated attacker to inject arbitrary commands as a 'nobody' user, which could potentially lead to code execution.","Apply mitigations per vendor instructions, follow applicable BOD 22-01 guidance for cloud services, or discontinue use of the product if mitigations are unavailable.",2025-05-07,Unknown,https://psirt.global.sonicwall.com/vuln-detail/SNWLID-2021-0022 ; https://nvd.nist.gov/vuln/detail/CVE-2021-20035,CWE-78,2025,4,112,2025,4,2025-04,21
CVE-2024-53150,linux,Kernel,Linux Kernel Out-Of-Bounds Read Vulnerability,2025-04-09,"Linux Kernel contains an out-of-bounds read vulnerability in the USB-audio driver that allows a local, privileged attacker to obtain potentially sensitive information.","Apply mitigations per vendor instructions, follow applicable BOD 22-01 guidance for cloud services, or discontinue use of the product if mitigations are unavailable.",2025-04-30,Unknown,"This vulnerability affects a common open-source component, third-party library, or a protocol used by different products. For more information, please see: https://lore.kernel.org/linux-cve-announce/2024122427-CVE-2024-53150-3a7d@gregkh/ ; https://source.android.com/docs/security/bulletin/2025-04-01 ; https://nvd.nist.gov/vuln/detail/CVE-2024-53150",CWE-125,2025,4,119,2025,4,2025-04,21
CVE-2024-53197,linux,Kernel,Linux Kernel Out-Of-Bounds Access Vulnerability,2025-04-09,"Linux Kernel contains an out-of-bounds access vulnerability in the USB-audio driver that allows an attacker with physical access to the system to use a malicious USB device to potentially manipulate system memory, escalate privileges, or execute arbitrary code.","Apply mitigations per vendor instructions, follow applicable BOD 22-01 guidance for cloud services, or discontinue use of the product if mitigations are unavailable.",2025-04-30,Unknown,"This vulnerability affects a common open-source component, third-party library, or a protocol used by different products. For more information, please see: https://lore.kernel.org/linux-cve-announce/2024122725-CVE-2024-53197-6aef@gregkh/ ; https://source.android.com/docs/security/bulletin/2025-04-01 ; https://nvd.nist.gov/vuln/detail/CVE-2024-53197",CWE-787,2025,4,119,2025,4,2025-04,21
CVE-2025-30406,gladinet,CentreStack,Gladinet Centrestack And Triofox Use Of Hard-Coded Cryptographic Key Vulnerability,2025-04-08,"Gladinet CentreStack and Triofox contains a use of hard-coded cryptographic key vulnerability in the way that the application manages keys used for ViewState integrity verification. Successful exploitation allows an attacker to forge ViewState payloads for server-side deserialization, allowing for remote code execution.","Apply mitigations per vendor instructions, follow applicable BOD 22-01 guidance for cloud services, or discontinue use of the product if mitigations are unavailable.",2025-04-29,Unknown,https://gladinetsupport.s3.us-east-1.amazonaws.com/gladinet/securityadvisory-cve-2005.pdf ; https://gladinetsupport.s3.us-east-1.amazonaws.com/gladinet/securityadvisory-cve-2025-triofox.pdf ; https://nvd.nist.gov/vuln/detail/CVE-2025-30406,CWE-321,2025,4,120,2025,4,2025-04,21
CVE-2025-29824,microsoft,Windows,Microsoft Windows Common Log File System (Clfs) Driver Use-After-Free Vulnerability,2025-04-08,Microsoft Windows Common Log File System (CLFS) Driver contains a use-after-free vulnerability that allows an authorized attacker to elevate privileges locally.,"Apply mitigations per vendor instructions, follow applicable BOD 22-01 guidance for cloud services, or discontinue use of the product if mitigations are unavailable.",2025-04-29,Known,https://msrc.microsoft.com/update-guide/en-US/vulnerability/CVE-2025-29824 ; https://nvd.nist.gov/vuln/detail/CVE-2025-29824,CWE-416,2025,4,120,2025,4,2025-04,21
CVE-2025-31161,crushftp,CrushFTP,Crushftp Authentication Bypass Vulnerability,2025-04-07,"CrushFTP contains an authentication bypass vulnerability in the HTTP authorization header that allows a remote unauthenticated attacker to authenticate to any known or guessable user account (e.g., crushadmin), potentially leading to a full compromise. ","Apply mitigations per vendor instructions, follow applicable BOD 22-01 guidance for cloud services, or discontinue use of the product if mitigations are unavailable.",2025-04-28,Known,https://www.crushftp.com/crush11wiki/Wiki.jsp?page=Update ; https://nvd.nist.gov/vuln/detail/CVE-2025-31161,CWE-305,2025,4,121,2025,4,2025-04,21
CVE-2025-22457,ivanti,"Connect Secure, Policy Secure, and ZTA Gateways","Ivanti Connect Secure, Policy Secure, And Zta Gateways Stack-Based Buffer Overflow Vulnerability",2025-04-04,"Ivanti Connect Secure, Policy Secure, and ZTA Gateways contains a stack-based buffer overflow vulnerability that allows a remote unauthenticated attacker to achieve remote code execution. ",Apply mitigations as set forth in the CISA instructions linked below.,2025-04-11,Known,CISA Mitigation Instructions: https://www.cisa.gov/cisa-mitigation-instructions-cve-2025-22457 ; Additional References: https://forums.ivanti.com/s/article/April-Security-Advisory-Ivanti-Connect-Secure-Policy-Secure-ZTA-Gateways-CVE-2025-22457 ; https://nvd.nist.gov/vuln/detail/CVE-2025-22457,CWE-121,2025,4,124,2025,4,2025-04,7
CVE-2025-24813,apache,Tomcat,Apache Tomcat Path Equivalence Vulnerability,2025-04-01,"Apache Tomcat contains a path equivalence vulnerability that allows a remote attacker to execute code, disclose information, or inject malicious content via a partial PUT request.","Apply mitigations per vendor instructions, follow applicable BOD 22-01 guidance for cloud services, or discontinue use of the product if mitigations are unavailable.",2025-04-22,Unknown,"This vulnerability affects a common open-source component, third-party library, or a protocol used by different products. Please check with specific vendors for information on patching status. For more information, please see: https://lists.apache.org/thread/j5fkjv2k477os90nczf2v9l61fb0kkgq ; https://nvd.nist.gov/vuln/detail/CVE-2025-24813","CWE-44, CWE-502",2025,4,127,2025,4,2025-04,21
CVE-2024-20439,cisco,Smart Licensing Utility,Cisco Smart Licensing Utility Static Credential Vulnerability,2025-03-31,"Cisco Smart Licensing Utility contains a static credential vulnerability that allows an unauthenticated, remote attacker to log in to an affected system and gain administrative credentials.","Apply mitigations per vendor instructions, follow applicable BOD 22-01 guidance for cloud services, or discontinue use of the product if mitigations are unavailable.",2025-04-21,Unknown,https://sec.cloudapps.cisco.com/security/center/content/CiscoSecurityAdvisory/cisco-sa-cslu-7gHMzWmw ; https://nvd.nist.gov/vuln/detail/CVE-2024-20439,CWE-912,2025,3,128,2025,3,2025-03,21
CVE-2025-2783,google,Chromium Mojo,Google Chromium Mojo Sandbox Escape Vulnerability,2025-03-27,"Google Chromium Mojo on Windows contains a sandbox escape vulnerability caused by a logic error, which results from an incorrect handle being provided in unspecified circumstances. This vulnerability could affect multiple web browsers that utilize Chromium, including, but not limited to, Google Chrome, Microsoft Edge, and Opera.","Apply mitigations per vendor instructions, follow applicable BOD 22-01 guidance for cloud services, or discontinue use of the product if mitigations are unavailable.",2025-04-17,Unknown,https://chromereleases.googleblog.com/2025/03/stable-channel-update-for-desktop_25.html ; https://nvd.nist.gov/vuln/detail/CVE-2025-2783,,2025,3,132,2025,3,2025-03,21
CVE-2019-9875,sitecore,CMS and Experience Platform (XP),Sitecore Cms And Experience Platform (Xp) Deserialization Vulnerability,2025-03-26,Sitecore CMS and Experience Platform (XP) contain a deserialization vulnerability in the Sitecore.Security.AntiCSRF module that allows an authenticated attacker to execute arbitrary code by sending a serialized .NET object in the HTTP POST parameter __CSRFTOKEN.,"Apply mitigations per vendor instructions, follow applicable BOD 22-01 guidance for cloud services, or discontinue use of the product if mitigations are unavailable.",2025-04-16,Unknown,https://support.sitecore.com/kb?id=kb_article_view&sysparm_article=KB0038556 ; https://nvd.nist.gov/vuln/detail/CVE-2019-9875,CWE-502,2025,3,133,2025,3,2025-03,21
CVE-2019-9874,sitecore,CMS and Experience Platform (XP),Sitecore Cms And Experience Platform (Xp) Deserialization Vulnerability,2025-03-26,Sitecore CMS and Experience Platform (XP) contain a deserialization vulnerability in the Sitecore.Security.AntiCSRF module that allows an unauthenticated attacker to execute arbitrary code by sending a serialized .NET object in the HTTP POST parameter __CSRFTOKEN.,"Apply mitigations per vendor instructions, follow applicable BOD 22-01 guidance for cloud services, or discontinue use of the product if mitigations are unavailable.",2025-04-16,Unknown,https://support.sitecore.com/kb?id=kb_article_view&sysparm_article=KB0334035 ; https://nvd.nist.gov/vuln/detail/CVE-2019-9874,CWE-502,2025,3,133,2025,3,2025-03,21
CVE-2025-30154,reviewdog,action-setup GitHub Action,Reviewdog/Action-Setup Github Action Embedded Malicious Code Vulnerability,2025-03-24,reviewdog action-setup GitHub Action contains an embedded malicious code vulnerability that dumps exposed secrets to Github Actions Workflow Logs.,"Apply mitigations as set forth in the CISA instructions linked below. Apply mitigations per vendor instructions, follow applicable BOD 22-01 guidance for cloud services, or discontinue use of the product if mitigations are unavailable.",2025-04-14,Unknown,"This vulnerability affects a common open-source project, third-party library, or a protocol used by different products. For more information, please see: CISA Mitigation Instructions: https://www.cisa.gov/news-events/alerts/2025/03/18/supply-chain-compromise-third-party-tj-actionschanged-files-cve-2025-30066-and-reviewdogaction ; Additional References: https://github.com/reviewdog/reviewdog/security/advisories/GHSA-qmg3-hpqr-gqvc ; https://nvd.nist.gov/vuln/detail/CVE-2025-30154",CWE-506,2025,3,135,2025,3,2025-03,21
CVE-2024-48248,nakivo,Backup and Replication,Nakivo Backup And Replication Absolute Path Traversal Vulnerability,2025-03-19,NAKIVO Backup and Replication contains an absolute path traversal vulnerability that enables an attacker to read arbitrary files.,"Apply mitigations per vendor instructions, follow applicable BOD 22-01 guidance for cloud services, or discontinue use of the product if mitigations are unavailable.",2025-04-09,Unknown,https://helpcenter.nakivo.com/Release-Notes/Content/Release-Notes.htm ; https://nvd.nist.gov/vuln/detail/CVE-2024-48248,CWE-36,2025,3,140,2025,3,2025-03,21
CVE-2025-1316,edimax,IC-7100 IP Camera,Edimax Ic-7100 Ip Camera Os Command Injection Vulnerability,2025-03-19,Edimax IC-7100 IP camera contains an OS command injection vulnerability due to improper input sanitization that allows an attacker to achieve remote code execution via specially crafted requests. The impacted product could be end-of-life (EoL) and/or end-of-service (EoS). Users should discontinue product utilization.,"Apply mitigations per vendor instructions, follow applicable BOD 22-01 guidance for cloud services, or discontinue use of the product if mitigations are unavailable.",2025-04-09,Unknown,https://www.edimax.com/edimax/post/post/data/edimax/global/press_releases/4801/ ; https://nvd.nist.gov/vuln/detail/CVE-2025-1316,CWE-78,2025,3,140,2025,3,2025-03,21
CVE-2017-12637,sap,NetWeaver,Sap Netweaver Directory Traversal Vulnerability,2025-03-19,SAP NetWeaver Application Server (AS) Java contains a directory traversal vulnerability in scheduler/ui/js/ffffffffbca41eb4/UIUtilJavaScriptJS that allows a remote attacker to read arbitrary files via a .. (dot dot) in the query string.,"Apply mitigations per vendor instructions, follow applicable BOD 22-01 guidance for cloud services, or discontinue use of the product if mitigations are unavailable.",2025-04-09,Unknown,SAP users must have an account to log in and access the patch: https://me.sap.com/notes/3476549 ; https://nvd.nist.gov/vuln/detail/CVE-2017-12637,CWE-22,2025,3,140,2025,3,2025-03,21
CVE-2025-24472,fortinet,FortiOS and FortiProxy,Fortinet Fortios And Fortiproxy Authentication Bypass Vulnerability,2025-03-18, Fortinet FortiOS and FortiProxy contain an authentication bypass vulnerability that allows a remote attacker to gain super-admin privileges via crafted CSF proxy requests.,"Apply mitigations per vendor instructions, follow applicable BOD 22-01 guidance for cloud services, or discontinue use of the product if mitigations are unavailable.",2025-04-08,Known,https://fortiguard.fortinet.com/psirt/FG-IR-24-535 ; https://nvd.nist.gov/vuln/detail/CVE-2025-24472,CWE-288,2025,3,141,2025,3,2025-03,21
CVE-2025-30066,tj-actions,changed-files GitHub Action,Tj-Actions/Changed-Files Github Action Embedded Malicious Code Vulnerability,2025-03-18,"tj-actions/changed-files GitHub Action contains an embedded malicious code vulnerability that allows a remote attacker to discover secrets by reading Github Actions Workflow Logs. These secrets may include, but are not limited to, valid AWS access keys, GitHub personal access tokens (PATs), npm tokens, and private RSA keys.","Apply mitigations as set forth in the CISA instructions linked below. Apply mitigations per vendor instructions, follow applicable BOD 22-01 guidance for cloud services, or discontinue use of the product if mitigations are unavailable.",2025-04-08,Unknown,"This vulnerability affects a common open-source project, third-party library, or a protocol used by different products. For more information, please see: CISA Mitigation Instructions: https://www.cisa.gov/news-events/alerts/2025/03/18/supply-chain-compromise-third-party-tj-actionschanged-files-cve-2025-30066-and-reviewdogaction ; Additional References: https://github.com/tj-actions/changed-files/blob/45fb12d7a8bedb4da42342e52fe054c6c2c3fd73/README.md?plain=1#L20-L28 ; https://nvd.nist.gov/vuln/detail/CVE-2025-30066",CWE-506,2025,3,141,2025,3,2025-03,21
CVE-2025-21590,juniper,Junos OS,Juniper Junos Os Improper Isolation Or Compartmentalization Vulnerability,2025-03-13,Juniper Junos OS contains an improper isolation or compartmentalization vulnerability. This vulnerability could allows a local attacker with high privileges to inject arbitrary code.,"Apply mitigations per vendor instructions, follow applicable BOD 22-01 guidance for cloud services, or discontinue use of the product if mitigations are unavailable.",2025-04-03,Unknown,https://supportportal.juniper.net/s/article/2025-03-Out-of-Cycle-Security-Bulletin-Junos-OS-A-local-attacker-with-shell-access-can-execute-arbitrary-code-CVE-2025-21590?language=en_US ; https://nvd.nist.gov/vuln/detail/CVE-2025-21590,CWE-653,2025,3,146,2025,3,2025-03,21
CVE-2025-24201,apple,Multiple Products,Apple Multiple Products Webkit Out-Of-Bounds Write Vulnerability,2025-03-13,"Apple iOS, iPadOS, macOS, and other Apple products contain an out-of-bounds write vulnerability in WebKit that may allow maliciously crafted web content to break out of Web Content sandbox. This vulnerability could impact HTML parsers that use WebKit, including but not limited to Apple Safari and non-Apple products which rely on WebKit for HTML processing.","Apply mitigations per vendor instructions, follow applicable BOD 22-01 guidance for cloud services, or discontinue use of the product if mitigations are unavailable.",2025-04-03,Unknown,https://support.apple.com/en-us/122281 ; https://support.apple.com/en-us/122283 ; https://support.apple.com/en-us/122284 ; https://support.apple.com/en-us/122285 ; ; https://nvd.nist.gov/vuln/detail/CVE-2025-24201,CWE-787,2025,3,146,2025,3,2025-03,21
CVE-2025-24993,microsoft,Windows,Microsoft Windows Ntfs Heap-Based Buffer Overflow Vulnerability,2025-03-11,Microsoft Windows New Technology File System (NTFS) contains a heap-based buffer overflow vulnerability that allows an unauthorized attacker to execute code locally.,"Apply mitigations per vendor instructions, follow applicable BOD 22-01 guidance for cloud services, or discontinue use of the product if mitigations are unavailable.",2025-04-01,Unknown,https://msrc.microsoft.com/update-guide/en-US/vulnerability/CVE-2025-24993 ; https://nvd.nist.gov/vuln/detail/CVE-2025-24993,CWE-122,2025,3,148,2025,3,2025-03,21
CVE-2025-24991,microsoft,Windows,Microsoft Windows Ntfs Out-Of-Bounds Read Vulnerability,2025-03-11,Microsoft Windows New Technology File System (NTFS) contains an out-of-bounds read vulnerability that allows an authorized attacker to disclose information locally.,"Apply mitigations per vendor instructions, follow applicable BOD 22-01 guidance for cloud services, or discontinue use of the product if mitigations are unavailable.",2025-04-01,Unknown,https://msrc.microsoft.com/update-guide/en-US/vulnerability/CVE-2025-24991 ; https://nvd.nist.gov/vuln/detail/CVE-2025-24991,CWE-125,2025,3,148,2025,3,2025-03,21
CVE-2025-24985,microsoft,Windows,Microsoft Windows Fast Fat File System Driver Integer Overflow Vulnerability,2025-03-11,Microsoft Windows Fast FAT File System Driver contains an integer overflow or wraparound vulnerability that allows an unauthorized attacker to execute code locally.,"Apply mitigations per vendor instructions, follow applicable BOD 22-01 guidance for cloud services, or discontinue use of the product if mitigations are unavailable.",2025-04-01,Unknown,https://msrc.microsoft.com/update-guide/en-US/vulnerability/CVE-2025-24985 ; https://nvd.nist.gov/vuln/detail/CVE-2025-24985,"CWE-190, CWE-122",2025,3,148,2025,3,2025-03,21
CVE-2025-24984,microsoft,Windows,Microsoft Windows Ntfs Information Disclosure Vulnerability,2025-03-11,Microsoft Windows New Technology File System (NTFS) contains an insertion of sensitive Information into log file vulnerability that allows an unauthorized attacker to disclose information with a physical attack. An attacker who successfully exploited this vulnerability could potentially read portions of heap memory.,"Apply mitigations per vendor instructions, follow applicable BOD 22-01 guidance for cloud services, or discontinue use of the product if mitigations are unavailable.",2025-04-01,Unknown,https://msrc.microsoft.com/update-guide/en-US/vulnerability/CVE-2025-24984 ; https://nvd.nist.gov/vuln/detail/CVE-2025-24984,CWE-532,2025,3,148,2025,3,2025-03,21
CVE-2025-24983,microsoft,Windows,Microsoft Windows Win32K Use-After-Free Vulnerability,2025-03-11,Microsoft Windows Win32 Kernel Subsystem contains a use-after-free vulnerability that allows an authorized attacker to elevate privileges locally.,"Apply mitigations per vendor instructions, follow applicable BOD 22-01 guidance for cloud services, or discontinue use of the product if mitigations are unavailable.",2025-04-01,Unknown,https://msrc.microsoft.com/update-guide/en-US/vulnerability/CVE-2025-24983 ; https://nvd.nist.gov/vuln/detail/CVE-2025-24983,CWE-416,2025,3,148,2025,3,2025-03,21
CVE-2025-26633,microsoft,Windows,Microsoft Windows Management Console (Mmc) Improper Neutralization Vulnerability,2025-03-11,Microsoft Windows Management Console (MMC) contains an improper neutralization vulnerability that allows an unauthorized attacker to bypass a security feature locally.,"Apply mitigations per vendor instructions, follow applicable BOD 22-01 guidance for cloud services, or discontinue use of the product if mitigations are unavailable.",2025-04-01,Known,https://msrc.microsoft.com/update-guide/en-US/vulnerability/CVE-2025-26633 ; https://nvd.nist.gov/vuln/detail/CVE-2025-26633,CWE-707,2025,3,148,2025,3,2025-03,21
